SubjectId,TopicId,QuizSetId,QuizId,OptionId,OptionContent,AnswerTrueFlase
JAVA1995230122,JAVAOOPS132218,JAVAOOPSSETFIR,JAOOSETFIRST01,JAOOSETFIR01O1,Inheritance,0
JAVA1995230122,JAVAOOPS132218,JAVAOOPSSETFIR,JAOOSETFIRST01,JAOOSETFIR01O2,Encapsulation,0
JAVA1995230122,JAVAOOPS132218,JAVAOOPSSETFIR,JAOOSETFIRST01,JAOOSETFIR01O3,Polymorphism,0
JAVA1995230122,JAVAOOPS132218,JAVAOOPSSETFIR,JAOOSETFIRST01,JAOOSETFIR01O4,Compilation,1
JAVA1995230122,JAVAOOPS132218,JAVAOOPSSETFIR,JAOOSETFIRST02,JAOOSETFIR01O1,Compile time polymorphism,1
JAVA1995230122,JAVAOOPS132218,JAVAOOPSSETFIR,JAOOSETFIRST02,JAOOSETFIR01O2,Execution time polymorphism,0
JAVA1995230122,JAVAOOPS132218,JAVAOOPSSETFIR,JAOOSETFIRST02,JAOOSETFIR01O3,Multiple polymorphism,0
JAVA1995230122,JAVAOOPS132218,JAVAOOPSSETFIR,JAOOSETFIRST02,JAOOSETFIR01O4,Multilevel polymorphism,0
JAVA1995230122,JAVAOOPS132218,JAVAOOPSSETFIR,JAOOSETFIRST03,JAOOSETFIR01O1,At run time,0
JAVA1995230122,JAVAOOPS132218,JAVAOOPSSETFIR,JAOOSETFIRST03,JAOOSETFIR01O2,At compile time,1
JAVA1995230122,JAVAOOPS132218,JAVAOOPSSETFIR,JAOOSETFIRST03,JAOOSETFIR01O3,At coding time,0
JAVA1995230122,JAVAOOPS132218,JAVAOOPSSETFIR,JAOOSETFIRST03,JAOOSETFIR01O4,At execution time,0
JAVA1995230122,JAVAOOPS132218,JAVAOOPSSETFIR,JAOOSETFIRST04,JAOOSETFIR01O1,More than one method with same name but different method signature and different number or type of parameters,0
JAVA1995230122,JAVAOOPS132218,JAVAOOPSSETFIR,JAOOSETFIRST04,JAOOSETFIR01O2,"More than one method with same name, same signature but different number of signature",0
JAVA1995230122,JAVAOOPS132218,JAVAOOPSSETFIR,JAOOSETFIRST04,JAOOSETFIR01O3,"More than one method with same name, same signature, same number of parameters but different type",0
JAVA1995230122,JAVAOOPS132218,JAVAOOPSSETFIR,JAOOSETFIRST04,JAOOSETFIR01O4,"More than one method with same name, same number of parameters and type but different signature",1
JAVA1995230122,JAVAOOPS132218,JAVAOOPSSETFIR,JAOOSETFIRST05,JAOOSETFIR01O1,Polymorphism,0
JAVA1995230122,JAVAOOPS132218,JAVAOOPSSETFIR,JAOOSETFIRST05,JAOOSETFIR01O2,Encapsulation,0
JAVA1995230122,JAVAOOPS132218,JAVAOOPSSETFIR,JAOOSETFIRST05,JAOOSETFIR01O3,Abstraction,1
JAVA1995230122,JAVAOOPS132218,JAVAOOPSSETFIR,JAOOSETFIRST05,JAOOSETFIR01O4,Inheritance,0
JAVA1995230122,JAVAOOPS132218,JAVAOOPSSETFIR,JAOOSETFIRST06,JAOOSETFIR01O1,Encapsulation,1
JAVA1995230122,JAVAOOPS132218,JAVAOOPSSETFIR,JAOOSETFIRST06,JAOOSETFIR01O2,Inheritance,0
JAVA1995230122,JAVAOOPS132218,JAVAOOPSSETFIR,JAOOSETFIRST06,JAOOSETFIR01O3,Polymorphism,0
JAVA1995230122,JAVAOOPS132218,JAVAOOPSSETFIR,JAOOSETFIRST06,JAOOSETFIR01O4,Abstraction,0
JAVA1995230122,JAVAOOPS132218,JAVAOOPSSETSEC,JAOOSETSECON01,JAOOSETSEC01O1,Aggregation,0
JAVA1995230122,JAVAOOPS132218,JAVAOOPSSETSEC,JAOOSETSECON01,JAOOSETSEC01O2,Composition,0
JAVA1995230122,JAVAOOPS132218,JAVAOOPSSETSEC,JAOOSETSECON01,JAOOSETSEC01O3,Encapsulation,0
JAVA1995230122,JAVAOOPS132218,JAVAOOPSSETSEC,JAOOSETSECON01,JAOOSETSEC01O4,Association,1
JAVA1995230122,JAVAOOPS132218,JAVAOOPSSETSEC,JAOOSETSECON02,JAOOSETSEC01O1,Aggregation,0
JAVA1995230122,JAVAOOPS132218,JAVAOOPSSETSEC,JAOOSETSECON02,JAOOSETSEC01O2,Composition,1
JAVA1995230122,JAVAOOPS132218,JAVAOOPSSETSEC,JAOOSETSECON02,JAOOSETSEC01O3,Encapsulation,0
JAVA1995230122,JAVAOOPS132218,JAVAOOPSSETSEC,JAOOSETSECON02,JAOOSETSEC01O4,Association,0
JAVA1995230122,JAVAOOPS132218,JAVAOOPSSETSEC,JAOOSETSECON03,JAOOSETSEC01O1,Aggregation,1
JAVA1995230122,JAVAOOPS132218,JAVAOOPSSETSEC,JAOOSETSECON03,JAOOSETSEC01O2,Composition,0
JAVA1995230122,JAVAOOPS132218,JAVAOOPSSETSEC,JAOOSETSECON03,JAOOSETSEC01O3,Encapsulation,0
JAVA1995230122,JAVAOOPS132218,JAVAOOPSSETSEC,JAOOSETSECON03,JAOOSETSEC01O4,Association,0
JAVA1995230122,JAVAOOPS132218,JAVAOOPSSETSEC,JAOOSETSECON04,JAOOSETSEC01O1,TRUE,1
JAVA1995230122,JAVAOOPS132218,JAVAOOPSSETSEC,JAOOSETSECON04,JAOOSETSEC01O2,FALSE,0
JAVA1995230122,JAVAOOPS132218,JAVAOOPSSETSEC,JAOOSETSECON04,JAOOSETSEC01O3,none,0
JAVA1995230122,JAVAOOPS132218,JAVAOOPSSETSEC,JAOOSETSECON04,JAOOSETSEC01O4,maybe,0
JAVA1995230122,JAVAOOPS132218,JAVAOOPSSETSEC,JAOOSETSECON05,JAOOSETSEC01O1,SmallTalk,1
JAVA1995230122,JAVAOOPS132218,JAVAOOPSSETSEC,JAOOSETSECON05,JAOOSETSEC01O2,C++,0
JAVA1995230122,JAVAOOPS132218,JAVAOOPSSETSEC,JAOOSETSECON05,JAOOSETSEC01O3,Kotlin,0
JAVA1995230122,JAVAOOPS132218,JAVAOOPSSETSEC,JAOOSETSECON05,JAOOSETSEC01O4,Java,0
JAVA1995230122,JAVAOOPS132218,JAVAOOPSSETSEC,JAOOSETSECON06,JAOOSETSEC01O1,Adele Goldberg,0
JAVA1995230122,JAVAOOPS132218,JAVAOOPSSETSEC,JAOOSETSECON06,JAOOSETSEC01O2,Dennis Ritchie,0
JAVA1995230122,JAVAOOPS132218,JAVAOOPSSETSEC,JAOOSETSECON06,JAOOSETSEC01O3,Alan Kay,1
JAVA1995230122,JAVAOOPS132218,JAVAOOPSSETSEC,JAOOSETSECON06,JAOOSETSEC01O4,Andrea Ferro,0
JAVA1995230122,JAVAOOPS132218,JAVAOOPSSETTHI,JAOOSETTHIRD01,JAOOSETTHI01O1,Encapsulation,0
JAVA1995230122,JAVAOOPS132218,JAVAOOPSSETTHI,JAOOSETTHIRD01,JAOOSETTHI01O2,Polymorphism,0
JAVA1995230122,JAVAOOPS132218,JAVAOOPSSETTHI,JAOOSETTHIRD01,JAOOSETTHI01O3,Exception,1
JAVA1995230122,JAVAOOPS132218,JAVAOOPSSETTHI,JAOOSETTHIRD01,JAOOSETTHI01O4,Abstraction,0
JAVA1995230122,JAVAOOPS132218,JAVAOOPSSETTHI,JAOOSETTHIRD02,JAOOSETTHI01O1,Abstraction,0
JAVA1995230122,JAVAOOPS132218,JAVAOOPSSETTHI,JAOOSETTHIRD02,JAOOSETTHI01O2,Encapsulation,0
JAVA1995230122,JAVAOOPS132218,JAVAOOPSSETTHI,JAOOSETTHIRD02,JAOOSETTHI01O3,Polymorphism,0
JAVA1995230122,JAVAOOPS132218,JAVAOOPSSETTHI,JAOOSETTHIRD02,JAOOSETTHI01O4,Inheritance,1
JAVA1995230122,JAVAOOPS132218,JAVAOOPSSETTHI,JAOOSETTHIRD03,JAOOSETTHI01O1,C++ programming language,0
JAVA1995230122,JAVAOOPS132218,JAVAOOPSSETTHI,JAOOSETTHIRD03,JAOOSETTHI01O2,Java programming language,0
JAVA1995230122,JAVAOOPS132218,JAVAOOPSSETTHI,JAOOSETTHIRD03,JAOOSETTHI01O3,Ada programming language,1
JAVA1995230122,JAVAOOPS132218,JAVAOOPSSETTHI,JAOOSETTHIRD03,JAOOSETTHI01O4,C# programming language,0
JAVA1995230122,JAVAOOPS132218,JAVAOOPSSETTHI,JAOOSETTHIRD04,JAOOSETTHI01O1,Modularity,0
JAVA1995230122,JAVAOOPS132218,JAVAOOPSSETTHI,JAOOSETTHIRD04,JAOOSETTHI01O2,Efficient Code,0
JAVA1995230122,JAVAOOPS132218,JAVAOOPSSETTHI,JAOOSETTHIRD04,JAOOSETTHI01O3,Code reusability,1
JAVA1995230122,JAVAOOPS132218,JAVAOOPSSETTHI,JAOOSETTHIRD04,JAOOSETTHI01O4,Duplicate or Redundant Data,0
JAVA1995230122,JAVAOOPS132218,JAVAOOPSSETTHI,JAOOSETTHIRD05,JAOOSETTHI01O1,Inheritance,1
JAVA1995230122,JAVAOOPS132218,JAVAOOPSSETTHI,JAOOSETTHIRD05,JAOOSETTHI01O2,Data hiding,0
JAVA1995230122,JAVAOOPS132218,JAVAOOPSSETTHI,JAOOSETTHIRD05,JAOOSETTHI01O3,Encapsulation,0
JAVA1995230122,JAVAOOPS132218,JAVAOOPSSETTHI,JAOOSETTHIRD05,JAOOSETTHI01O4,Polymorphism,0
JAVA1995230122,JAVAOOPS132218,JAVAOOPSSETTHI,JAOOSETTHIRD06,JAOOSETTHI01O1,Smalltalk,0
JAVA1995230122,JAVAOOPS132218,JAVAOOPSSETTHI,JAOOSETTHIRD06,JAOOSETTHI01O2,Kotlin,0
JAVA1995230122,JAVAOOPS132218,JAVAOOPSSETTHI,JAOOSETTHIRD06,JAOOSETTHI01O3,Java,1
JAVA1995230122,JAVAOOPS132218,JAVAOOPSSETTHI,JAOOSETTHIRD06,JAOOSETTHI01O4,C++,0
JAVA1995230122,JAVAARRA023430,JAVAARRASETFIR,JAARSETFIRST01,JAARSETFIR01O1,Row,1
JAVA1995230122,JAVAARRA023430,JAVAARRASETFIR,JAARSETFIRST01,JAARSETFIR01O2,Column,0
JAVA1995230122,JAVAARRA023430,JAVAARRASETFIR,JAARSETFIRST01,JAARSETFIR01O3,Both Row and Column,0
JAVA1995230122,JAVAARRA023430,JAVAARRASETFIR,JAARSETFIRST01,JAARSETFIR01O4,None of the mentioned,0
JAVA1995230122,JAVAARRA023430,JAVAARRASETFIR,JAARSETFIRST02,JAARSETFIR01O1,It is necessary to use new operator to initialize an array,1
JAVA1995230122,JAVAARRA023430,JAVAARRASETFIR,JAARSETFIRST02,JAARSETFIR01O2,Array can be initialized using comma separated expressions surrounded by curly braces,0
JAVA1995230122,JAVAARRA023430,JAVAARRASETFIR,JAARSETFIRST02,JAARSETFIR01O3,Array can be initialized when they are declared,0
JAVA1995230122,JAVAARRA023430,JAVAARRASETFIR,JAARSETFIRST02,JAARSETFIR01O4,None of the mentioned,0
JAVA1995230122,JAVAARRA023430,JAVAARRASETFIR,JAARSETFIRST03,JAARSETFIR01O1,0,0
JAVA1995230122,JAVAARRA023430,JAVAARRASETFIR,JAARSETFIRST03,JAARSETFIR01O2,value stored in arr[0],0
JAVA1995230122,JAVAARRA023430,JAVAARRASETFIR,JAARSETFIRST03,JAARSETFIR01O3,0,0
JAVA1995230122,JAVAARRA023430,JAVAARRASETFIR,JAARSETFIRST03,JAARSETFIR01O4,Class name@ hashcode in hexadecimal form,1
JAVA1995230122,JAVAARRA023430,JAVAARRASETFIR,JAARSETFIRST04,JAARSETFIR01O1,int arr[] = new int[5],0
JAVA1995230122,JAVAARRA023430,JAVAARRASETFIR,JAARSETFIRST04,JAARSETFIR01O2,int [] arr = new int[5],0
JAVA1995230122,JAVAARRA023430,JAVAARRASETFIR,JAARSETFIRST04,JAARSETFIR01O3,int arr[] = new int[5],0
JAVA1995230122,JAVAARRA023430,JAVAARRASETFIR,JAARSETFIRST04,JAARSETFIR01O4,int arr[] = int [5] new,1
JAVA1995230122,JAVAARRA023430,JAVAARRASETFIR,JAARSETFIRST05,JAARSETFIR01O1,malloc,0
JAVA1995230122,JAVAARRA023430,JAVAARRASETFIR,JAARSETFIRST05,JAARSETFIR01O2,alloc,0
JAVA1995230122,JAVAARRA023430,JAVAARRASETFIR,JAARSETFIRST05,JAARSETFIR01O3,new,1
JAVA1995230122,JAVAARRA023430,JAVAARRASETFIR,JAARSETFIRST05,JAARSETFIR01O4,new malloc,0
JAVA1995230122,JAVAARRA023430,JAVAARRASETFIR,JAARSETFIRST06,JAARSETFIR01O1,objects,1
JAVA1995230122,JAVAARRA023430,JAVAARRASETFIR,JAARSETFIRST06,JAARSETFIR01O2,object references,0
JAVA1995230122,JAVAARRA023430,JAVAARRASETFIR,JAARSETFIRST06,JAARSETFIR01O3,primitive data type,0
JAVA1995230122,JAVAARRA023430,JAVAARRASETFIR,JAARSETFIRST06,JAARSETFIR01O4,None of the above,0
JAVA1995230122,JAVAARRA023430,JAVAARRASETSEC,JAARSETSECON01,JAARSETSEC01O1,..,0
JAVA1995230122,JAVAARRA023430,JAVAARRASETSEC,JAARSETSECON01,JAARSETSEC01O2,...,1
JAVA1995230122,JAVAARRA023430,JAVAARRASETSEC,JAARSETSECON01,JAARSETSEC01O3,--,0
JAVA1995230122,JAVAARRA023430,JAVAARRASETSEC,JAARSETSECON01,JAARSETSEC01O4,---,0
JAVA1995230122,JAVAARRA023430,JAVAARRASETSEC,JAARSETSECON02,JAARSETSEC01O1,None,0
JAVA1995230122,JAVAARRA023430,JAVAARRASETSEC,JAARSETSECON02,JAARSETSEC01O2,One,0
JAVA1995230122,JAVAARRA023430,JAVAARRASETSEC,JAARSETSECON02,JAARSETSEC01O3,Two,1
JAVA1995230122,JAVAARRA023430,JAVAARRASETSEC,JAARSETSECON02,JAARSETSEC01O4,Three,0
JAVA1995230122,JAVAARRA023430,JAVAARRASETSEC,JAARSETSECON03,JAARSETSEC01O1,buses.length,1
JAVA1995230122,JAVAARRA023430,JAVAARRASETSEC,JAARSETSECON03,JAARSETSEC01O2,buses.length(),0
JAVA1995230122,JAVAARRA023430,JAVAARRASETSEC,JAARSETSECON03,JAARSETSEC01O3,buses.size,0
JAVA1995230122,JAVAARRA023430,JAVAARRASETSEC,JAARSETSECON03,JAARSETSEC01O4,buses.size(),0
JAVA1995230122,JAVAARRA023430,JAVAARRASETSEC,JAARSETSECON04,JAARSETSEC01O1,"int[][] blue = new int[2, 2];",0
JAVA1995230122,JAVAARRA023430,JAVAARRASETSEC,JAARSETSECON04,JAARSETSEC01O2,"int[][] blue = new int[2], [2];",0
JAVA1995230122,JAVAARRA023430,JAVAARRASETSEC,JAARSETSECON04,JAARSETSEC01O3,int[][] blue = new int[2][2];,1
JAVA1995230122,JAVAARRA023430,JAVAARRASETSEC,JAARSETSECON04,JAARSETSEC01O4,int[][] blue = new int[2 x 2];,0
JAVA1995230122,JAVAARRA023430,JAVAARRASETSEC,JAARSETSECON05,JAARSETSEC01O1,An array expands automatically when it is full.,1
JAVA1995230122,JAVAARRA023430,JAVAARRASETSEC,JAARSETSECON05,JAARSETSEC01O2,An array is allowed to contain duplicate values.,0
JAVA1995230122,JAVAARRA023430,JAVAARRASETSEC,JAARSETSECON05,JAARSETSEC01O3,An array understands the concept of ordered elements.,0
JAVA1995230122,JAVAARRA023430,JAVAARRASETSEC,JAARSETSECON05,JAARSETSEC01O4,An array uses a zero index to reference the first element.,0
JAVA1995230122,JAVAARRA023430,JAVAARRASETSEC,JAARSETSECON06,JAARSETSEC01O1,similar type of elements,1
JAVA1995230122,JAVAARRA023430,JAVAARRASETSEC,JAARSETSECON06,JAARSETSEC01O2,different type of element,0
JAVA1995230122,JAVAARRA023430,JAVAARRASETSEC,JAARSETSECON06,JAARSETSEC01O3,heterogeneous data,0
JAVA1995230122,JAVAARRA023430,JAVAARRASETSEC,JAARSETSECON06,JAARSETSEC01O4,Both A and C,0
JAVA1995230122,JAVAARRA023430,JAVAARRASETTHI,JAARSETTHIRD01,JAARSETTHI01O1,Operator,0
JAVA1995230122,JAVAARRA023430,JAVAARRASETTHI,JAARSETTHIRD01,JAARSETTHI01O2,Variable,0
JAVA1995230122,JAVAARRA023430,JAVAARRASETTHI,JAARSETTHIRD01,JAARSETTHI01O3,index,1
JAVA1995230122,JAVAARRA023430,JAVAARRASETTHI,JAARSETTHIRD01,JAARSETTHI01O4,Pointer,0
JAVA1995230122,JAVAARRA023430,JAVAARRASETTHI,JAARSETTHIRD02,JAARSETTHI01O1,Row,1
JAVA1995230122,JAVAARRA023430,JAVAARRASETTHI,JAARSETTHIRD02,JAARSETTHI01O2,Column,0
JAVA1995230122,JAVAARRA023430,JAVAARRASETTHI,JAARSETTHIRD02,JAARSETTHI01O3,Row and Column,0
JAVA1995230122,JAVAARRA023430,JAVAARRASETTHI,JAARSETTHIRD02,JAARSETTHI01O4,None of the above,0
JAVA1995230122,JAVAARRA023430,JAVAARRASETTHI,JAARSETTHIRD03,JAARSETTHI01O1,Dynamic Memory,0
JAVA1995230122,JAVAARRA023430,JAVAARRASETTHI,JAARSETTHIRD03,JAARSETTHI01O2,Static Memory,1
JAVA1995230122,JAVAARRA023430,JAVAARRASETTHI,JAARSETTHIRD03,JAARSETTHI01O3,Both A and B,0
JAVA1995230122,JAVAARRA023430,JAVAARRASETTHI,JAARSETTHIRD03,JAARSETTHI01O4,None of the above,0
JAVA1995230122,JAVAARRA023430,JAVAARRASETTHI,JAARSETTHIRD04,JAARSETTHI01O1,-1,0
JAVA1995230122,JAVAARRA023430,JAVAARRASETTHI,JAARSETTHIRD04,JAARSETTHI01O2,0,1
JAVA1995230122,JAVAARRA023430,JAVAARRASETTHI,JAARSETTHIRD04,JAARSETTHI01O3,1,0
JAVA1995230122,JAVAARRA023430,JAVAARRASETTHI,JAARSETTHIRD04,JAARSETTHI01O4,infinite,0
JAVA1995230122,JAVAARRA023430,JAVAARRASETTHI,JAARSETTHIRD05,JAARSETTHI01O1,"int arr [] [] = {1, 2, 3, 4};",0
JAVA1995230122,JAVAARRA023430,JAVAARRASETTHI,JAARSETTHIRD05,JAARSETTHI01O2,"int [] arr = (1, 2, 3);",0
JAVA1995230122,JAVAARRA023430,JAVAARRASETTHI,JAARSETTHIRD05,JAARSETTHI01O3,int [] arr = {};,0
JAVA1995230122,JAVAARRA023430,JAVAARRASETTHI,JAARSETTHIRD05,JAARSETTHI01O4,"int arr [] = {1, 2, 3};",1
JAVA1995230122,JAVAARRA023430,JAVAARRASETTHI,JAARSETTHIRD06,JAARSETTHI01O1,sizeof(array),0
JAVA1995230122,JAVAARRA023430,JAVAARRASETTHI,JAARSETTHIRD06,JAARSETTHI01O2,array.len,0
JAVA1995230122,JAVAARRA023430,JAVAARRASETTHI,JAARSETTHIRD06,JAARSETTHI01O3,array.length,1
JAVA1995230122,JAVAARRA023430,JAVAARRASETTHI,JAARSETTHIRD06,JAARSETTHI01O4,array.sizeof(),0
JAVA1995230122,JAVAITER023530,JAVAITERSETFIR,JAITSETFIRST01,JAITSETFIR01O1,Integer,0
JAVA1995230122,JAVAITER023530,JAVAITERSETFIR,JAITSETFIRST01,JAITSETFIR01O2,Double,0
JAVA1995230122,JAVAITER023530,JAVAITERSETFIR,JAITSETFIRST01,JAITSETFIR01O3,Boolean,1
JAVA1995230122,JAVAITER023530,JAVAITERSETFIR,JAITSETFIRST01,JAITSETFIR01O4,Collections Object,0
JAVA1995230122,JAVAITER023530,JAVAITERSETFIR,JAITSETFIRST02,JAITSETFIR01O1,start(),0
JAVA1995230122,JAVAITER023530,JAVAITERSETFIR,JAITSETFIRST02,JAITSETFIR01O2,begin(),0
JAVA1995230122,JAVAITER023530,JAVAITERSETFIR,JAITSETFIRST02,JAITSETFIR01O3,iteratorSet(),0
JAVA1995230122,JAVAITER023530,JAVAITERSETFIR,JAITSETFIRST02,JAITSETFIR01O4,iterator(),1
JAVA1995230122,JAVAITER023530,JAVAITERSETFIR,JAITSETFIRST03,JAITSETFIR01O1,next,1
JAVA1995230122,JAVAITER023530,JAVAITERSETFIR,JAITSETFIRST03,JAITSETFIR01O2,move(),0
JAVA1995230122,JAVAITER023530,JAVAITERSETFIR,JAITSETFIRST03,JAITSETFIR01O3,shuffle(),0
JAVA1995230122,JAVAITER023530,JAVAITERSETFIR,JAITSETFIRST03,JAITSETFIR01O4,hasNext(),0
JAVA1995230122,JAVAITER023530,JAVAITERSETFIR,JAITSETFIRST04,JAITSETFIR01O1,Setiterator,0
JAVA1995230122,JAVAITER023530,JAVAITERSETFIR,JAITSETFIRST04,JAITSETFIR01O2,ListIterator,1
JAVA1995230122,JAVAITER023530,JAVAITERSETFIR,JAITSETFIRST04,JAITSETFIR01O3,Literator,0
JAVA1995230122,JAVAITER023530,JAVAITERSETFIR,JAITSETFIRST04,JAITSETFIR01O4,None of the mentioned,0
JAVA1995230122,JAVAITER023530,JAVAITERSETFIR,JAITSETFIRST05,JAITSETFIR01O1,previous(),0
JAVA1995230122,JAVAITER023530,JAVAITERSETFIR,JAITSETFIRST05,JAITSETFIR01O2,previousIndex(),1
JAVA1995230122,JAVAITER023530,JAVAITERSETFIR,JAITSETFIRST05,JAITSETFIR01O3,back(),0
JAVA1995230122,JAVAITER023530,JAVAITERSETFIR,JAITSETFIRST05,JAITSETFIR01O4,goBack(),0
JAVA1995230122,JAVAITER023530,JAVAITERSETFIR,JAITSETFIRST06,JAITSETFIR01O1,array,0
JAVA1995230122,JAVAITER023530,JAVAITERSETFIR,JAITSETFIRST06,JAITSETFIR01O2,loop,1
JAVA1995230122,JAVAITER023530,JAVAITERSETFIR,JAITSETFIRST06,JAITSETFIR01O3,function,0
JAVA1995230122,JAVAITER023530,JAVAITERSETFIR,JAITSETFIRST06,JAITSETFIR01O4,exception,0
JAVA1995230122,JAVAITER023530,JAVAITERSETSEC,JAITSETSECON01,JAITSETSEC01O1,for,0
JAVA1995230122,JAVAITER023530,JAVAITERSETSEC,JAITSETSECON01,JAITSETSEC01O2,do-while,0
JAVA1995230122,JAVAITER023530,JAVAITERSETSEC,JAITSETSECON01,JAITSETSEC01O3,while,1
JAVA1995230122,JAVAITER023530,JAVAITERSETSEC,JAITSETSECON01,JAITSETSEC01O4,None of the above,0
JAVA1995230122,JAVAITER023530,JAVAITERSETSEC,JAITSETSECON02,JAITSETSEC01O1,for,0
JAVA1995230122,JAVAITER023530,JAVAITERSETSEC,JAITSETSECON02,JAITSETSEC01O2,do-while,1
JAVA1995230122,JAVAITER023530,JAVAITERSETSEC,JAITSETSECON02,JAITSETSEC01O3,while,0
JAVA1995230122,JAVAITER023530,JAVAITERSETSEC,JAITSETSECON02,JAITSETSEC01O4,All of the above,0
JAVA1995230122,JAVAITER023530,JAVAITERSETSEC,JAITSETSECON03,JAITSETSEC01O1,TRUE,1
JAVA1995230122,JAVAITER023530,JAVAITERSETSEC,JAITSETSECON03,JAITSETSEC01O2,FALSE,0
JAVA1995230122,JAVAITER023530,JAVAITERSETSEC,JAITSETSECON03,JAITSETSEC01O3,Can be true or false,0
JAVA1995230122,JAVAITER023530,JAVAITERSETSEC,JAITSETSECON03,JAITSETSEC01O4,Can not say,0
JAVA1995230122,JAVAITER023530,JAVAITERSETSEC,JAITSETSECON04,JAITSETSEC01O1,Exit,0
JAVA1995230122,JAVAITER023530,JAVAITERSETSEC,JAITSETSECON04,JAITSETSEC01O2,Break,0
JAVA1995230122,JAVAITER023530,JAVAITERSETSEC,JAITSETSECON04,JAITSETSEC01O3,Jump,0
JAVA1995230122,JAVAITER023530,JAVAITERSETSEC,JAITSETSECON04,JAITSETSEC01O4,Continue,1
JAVA1995230122,JAVAITER023530,JAVAITERSETSEC,JAITSETSECON05,JAITSETSEC01O1,Jump,0
JAVA1995230122,JAVAITER023530,JAVAITERSETSEC,JAITSETSECON05,JAITSETSEC01O2,Continue,1
JAVA1995230122,JAVAITER023530,JAVAITERSETSEC,JAITSETSECON05,JAITSETSEC01O3,Con,0
JAVA1995230122,JAVAITER023530,JAVAITERSETSEC,JAITSETSECON05,JAITSETSEC01O4,State-Continue,0
JAVA1995230122,JAVAITER023530,JAVAITERSETSEC,JAITSETSECON06,JAITSETSEC01O1,For,0
JAVA1995230122,JAVAITER023530,JAVAITERSETSEC,JAITSETSECON06,JAITSETSEC01O2,While,0
JAVA1995230122,JAVAITER023530,JAVAITERSETSEC,JAITSETSECON06,JAITSETSEC01O3,Do-while,0
JAVA1995230122,JAVAITER023530,JAVAITERSETSEC,JAITSETSECON06,JAITSETSEC01O4,All of the above,1
JAVA1995230122,JAVAITER023530,JAVAITERSETTHI,JAITSETTHIRD01,JAITSETTHI01O1,IOException,0
JAVA1995230122,JAVAITER023530,JAVAITERSETTHI,JAITSETTHIRD01,JAITSETTHI01O2,SystemException,0
JAVA1995230122,JAVAITER023530,JAVAITERSETTHI,JAITSETTHIRD01,JAITSETTHI01O3,ObjectNotFoundExeception,0
JAVA1995230122,JAVAITER023530,JAVAITERSETTHI,JAITSETTHIRD01,JAITSETTHI01O4,IllegalStateException,1
JAVA1995230122,JAVAITER023530,JAVAITERSETTHI,JAITSETTHIRD02,JAITSETTHI01O1,do-while loop,0
JAVA1995230122,JAVAITER023530,JAVAITERSETTHI,JAITSETTHIRD02,JAITSETTHI01O2,for (traditional),0
JAVA1995230122,JAVAITER023530,JAVAITERSETTHI,JAITSETTHIRD02,JAITSETTHI01O3,for-each,0
JAVA1995230122,JAVAITER023530,JAVAITERSETTHI,JAITSETTHIRD02,JAITSETTHI01O4,while,1
JAVA1995230122,JAVAITER023530,JAVAITERSETTHI,JAITSETTHIRD03,JAITSETTHI01O1,do-while loop,0
JAVA1995230122,JAVAITER023530,JAVAITERSETTHI,JAITSETTHIRD03,JAITSETTHI01O2,for (traditional),0
JAVA1995230122,JAVAITER023530,JAVAITERSETTHI,JAITSETTHIRD03,JAITSETTHI01O3,for-each,0
JAVA1995230122,JAVAITER023530,JAVAITERSETTHI,JAITSETTHIRD03,JAITSETTHI01O4,while,1
JAVA1995230122,JAVAITER023530,JAVAITERSETTHI,JAITSETTHIRD04,JAITSETTHI01O1,do-while loop,1
JAVA1995230122,JAVAITER023530,JAVAITERSETTHI,JAITSETTHIRD04,JAITSETTHI01O2,for (traditional),0
JAVA1995230122,JAVAITER023530,JAVAITERSETTHI,JAITSETTHIRD04,JAITSETTHI01O3,for-each,0
JAVA1995230122,JAVAITER023530,JAVAITERSETTHI,JAITSETTHIRD04,JAITSETTHI01O4,while,0
JAVA1995230122,JAVAITER023530,JAVAITERSETTHI,JAITSETTHIRD05,JAITSETTHI01O1,do-while loop,0
JAVA1995230122,JAVAITER023530,JAVAITERSETTHI,JAITSETTHIRD05,JAITSETTHI01O2,for (traditional),0
JAVA1995230122,JAVAITER023530,JAVAITERSETTHI,JAITSETTHIRD05,JAITSETTHI01O3,for-each,1
JAVA1995230122,JAVAITER023530,JAVAITERSETTHI,JAITSETTHIRD05,JAITSETTHI01O4,while,0
JAVA1995230122,JAVAITER023530,JAVAITERSETTHI,JAITSETTHIRD06,JAITSETTHI01O1,break,0
JAVA1995230122,JAVAITER023530,JAVAITERSETTHI,JAITSETTHIRD06,JAITSETTHI01O2,continue,1
JAVA1995230122,JAVAITER023530,JAVAITERSETTHI,JAITSETTHIRD06,JAITSETTHI01O3,end,0
JAVA1995230122,JAVAITER023530,JAVAITERSETTHI,JAITSETTHIRD06,JAITSETTHI01O4,skip,0
PYTH1991230204,PYTHDATA023730,PYTHDATASETFIR,PYDASETFIRST01,PYDASETFIR01O1,Number,0
PYTH1991230204,PYTHDATA023730,PYTHDATASETFIR,PYDASETFIRST01,PYDASETFIR01O2,String,0
PYTH1991230204,PYTHDATA023730,PYTHDATASETFIR,PYDASETFIRST01,PYDASETFIR01O3,Tuple,0
PYTH1991230204,PYTHDATA023730,PYTHDATASETFIR,PYDASETFIRST01,PYDASETFIR01O4,All The Above,1
PYTH1991230204,PYTHDATA023730,PYTHDATASETFIR,PYDASETFIRST02,PYDASETFIR01O1,Lists,0
PYTH1991230204,PYTHDATA023730,PYTHDATASETFIR,PYDASETFIRST02,PYDASETFIR01O2,Dictionary,0
PYTH1991230204,PYTHDATA023730,PYTHDATASETFIR,PYDASETFIRST02,PYDASETFIR01O3,Tuples,0
PYTH1991230204,PYTHDATA023730,PYTHDATASETFIR,PYDASETFIRST02,PYDASETFIR01O4,Class,1
PYTH1991230204,PYTHDATA023730,PYTHDATASETFIR,PYDASETFIRST03,PYDASETFIR01O1,int,0
PYTH1991230204,PYTHDATA023730,PYTHDATASETFIR,PYDASETFIRST03,PYDASETFIR01O2,bool,0
PYTH1991230204,PYTHDATA023730,PYTHDATASETFIR,PYDASETFIRST03,PYDASETFIR01O3,void,0
PYTH1991230204,PYTHDATA023730,PYTHDATASETFIR,PYDASETFIRST03,PYDASETFIR01O4,None,1
PYTH1991230204,PYTHDATA023730,PYTHDATASETFIR,PYDASETFIRST04,PYDASETFIR01O1,he,1
PYTH1991230204,PYTHDATA023730,PYTHDATASETFIR,PYDASETFIRST04,PYDASETFIR01O2,lo,0
PYTH1991230204,PYTHDATA023730,PYTHDATASETFIR,PYDASETFIRST04,PYDASETFIR01O3,olleh,0
PYTH1991230204,PYTHDATA023730,PYTHDATASETFIR,PYDASETFIRST04,PYDASETFIR01O4,hello,0
PYTH1991230204,PYTHDATA023730,PYTHDATASETFIR,PYDASETFIRST05,PYDASETFIR01O1,round(45.8),1
PYTH1991230204,PYTHDATA023730,PYTHDATASETFIR,PYDASETFIRST05,PYDASETFIR01O2,"round(6352.898,2,5)",0
PYTH1991230204,PYTHDATA023730,PYTHDATASETFIR,PYDASETFIRST05,PYDASETFIR01O3,round(),0
PYTH1991230204,PYTHDATA023730,PYTHDATASETFIR,PYDASETFIRST05,PYDASETFIR01O4,"round(7463.123,2,1)",0
PYTH1991230204,PYTHDATA023730,PYTHDATASETFIR,PYDASETFIRST06,PYDASETFIR01O1,int,1
PYTH1991230204,PYTHDATA023730,PYTHDATASETFIR,PYDASETFIRST06,PYDASETFIR01O2,float,0
PYTH1991230204,PYTHDATA023730,PYTHDATASETFIR,PYDASETFIRST06,PYDASETFIR01O3,bool,0
PYTH1991230204,PYTHDATA023730,PYTHDATASETFIR,PYDASETFIRST06,PYDASETFIR01O4,dict,0
PYTH1991230204,PYTHDATA023730,PYTHDATASETSEC,PYDASETSECON01,PYDASETSEC01O1,x = 13 // 2,0
PYTH1991230204,PYTHDATA023730,PYTHDATASETSEC,PYDASETSECON01,PYDASETSEC01O2,x = int(13 / 2),0
PYTH1991230204,PYTHDATA023730,PYTHDATASETSEC,PYDASETSECON01,PYDASETSEC01O3,x = 13 % 2,0
PYTH1991230204,PYTHDATA023730,PYTHDATASETSEC,PYDASETSECON01,PYDASETSEC01O4,All of the mentioned,1
PYTH1991230204,PYTHDATA023730,PYTHDATASETSEC,PYDASETSECON02,PYDASETSEC01O1,SyntaxError,0
PYTH1991230204,PYTHDATA023730,PYTHDATASETSEC,PYDASETSECON02,PYDASETSEC01O2,NameError,1
PYTH1991230204,PYTHDATA023730,PYTHDATASETSEC,PYDASETSECON02,PYDASETSEC01O3,ValueError,0
PYTH1991230204,PYTHDATA023730,PYTHDATASETSEC,PYDASETSECON02,PYDASETSEC01O4,TypeError,0
PYTH1991230204,PYTHDATA023730,PYTHDATASETSEC,PYDASETSECON03,PYDASETSEC01O1,list,1
PYTH1991230204,PYTHDATA023730,PYTHDATASETSEC,PYDASETSECON03,PYDASETSEC01O2,dictionary,0
PYTH1991230204,PYTHDATA023730,PYTHDATASETSEC,PYDASETSECON03,PYDASETSEC01O3,array,0
PYTH1991230204,PYTHDATA023730,PYTHDATASETSEC,PYDASETSECON03,PYDASETSEC01O4,tuple,0
PYTH1991230204,PYTHDATA023730,PYTHDATASETSEC,PYDASETSECON04,PYDASETSEC01O1,list,0
PYTH1991230204,PYTHDATA023730,PYTHDATASETSEC,PYDASETSECON04,PYDASETSEC01O2,tuple,0
PYTH1991230204,PYTHDATA023730,PYTHDATASETSEC,PYDASETSECON04,PYDASETSEC01O3,class,0
PYTH1991230204,PYTHDATA023730,PYTHDATASETSEC,PYDASETSECON04,PYDASETSEC01O4,dictionary,1
PYTH1991230204,PYTHDATA023730,PYTHDATASETSEC,PYDASETSECON05,PYDASETSEC01O1,"‘”Once upon a time…”, she said.’",0
PYTH1991230204,PYTHDATA023730,PYTHDATASETSEC,PYDASETSECON05,PYDASETSEC01O2,"“He said, ‘Yes!'”",0
PYTH1991230204,PYTHDATA023730,PYTHDATASETSEC,PYDASETSECON05,PYDASETSEC01O3,‘3\’,1
PYTH1991230204,PYTHDATA023730,PYTHDATASETSEC,PYDASETSECON05,PYDASETSEC01O4,”’That’s okay”’,0
PYTH1991230204,PYTHDATA023730,PYTHDATASETSEC,PYDASETSECON06,PYDASETSEC01O1,"print(‘hello’, ‘how’, ‘are’, ‘you’)",0
PYTH1991230204,PYTHDATA023730,PYTHDATASETSEC,PYDASETSECON06,PYDASETSEC01O2,"print(‘hello’, ‘how’, ‘are’, ‘you’ + ‘-‘ * 4)",0
PYTH1991230204,PYTHDATA023730,PYTHDATASETSEC,PYDASETSECON06,PYDASETSEC01O3,print(‘hello-‘ + ‘how-are-you’),1
PYTH1991230204,PYTHDATA023730,PYTHDATASETSEC,PYDASETSECON06,PYDASETSEC01O4,print(‘hello’ + ‘-‘ + ‘how’ + ‘-‘ + ‘are’ + ‘you’),0
PYTH1991230204,PYTHDATA023730,PYTHDATASETTHI,PYDASETTHIRD01,PYDASETTHI01O1,int,1
PYTH1991230204,PYTHDATA023730,PYTHDATASETTHI,PYDASETTHIRD01,PYDASETTHI01O2,bool,0
PYTH1991230204,PYTHDATA023730,PYTHDATASETTHI,PYDASETTHIRD01,PYDASETTHI01O3,float,0
PYTH1991230204,PYTHDATA023730,PYTHDATASETTHI,PYDASETTHIRD01,PYDASETTHI01O4,None,0
PYTH1991230204,PYTHDATA023730,PYTHDATASETTHI,PYDASETTHIRD02,PYDASETTHI01O1,List is immutable && Tuple is mutable,0
PYTH1991230204,PYTHDATA023730,PYTHDATASETTHI,PYDASETTHIRD02,PYDASETTHI01O2,List is mutable && Tuple is immutable,1
PYTH1991230204,PYTHDATA023730,PYTHDATASETTHI,PYDASETTHIRD02,PYDASETTHI01O3,Both are Mutable.,0
PYTH1991230204,PYTHDATA023730,PYTHDATASETTHI,PYDASETTHIRD02,PYDASETTHI01O4,Both are Immutable,0
PYTH1991230204,PYTHDATA023730,PYTHDATASETTHI,PYDASETTHIRD03,PYDASETTHI01O1,arr[-2],0
PYTH1991230204,PYTHDATA023730,PYTHDATASETTHI,PYDASETTHIRD03,PYDASETTHI01O2,arr[2],0
PYTH1991230204,PYTHDATA023730,PYTHDATASETTHI,PYDASETTHIRD03,PYDASETTHI01O3,arr[-1],0
PYTH1991230204,PYTHDATA023730,PYTHDATASETTHI,PYDASETTHIRD03,PYDASETTHI01O4,arr[1],1
PYTH1991230204,PYTHDATA023730,PYTHDATASETTHI,PYDASETTHIRD04,PYDASETTHI01O1,arr[0],0
PYTH1991230204,PYTHDATA023730,PYTHDATASETTHI,PYDASETTHIRD04,PYDASETTHI01O2,arr[5],0
PYTH1991230204,PYTHDATA023730,PYTHDATASETTHI,PYDASETTHIRD04,PYDASETTHI01O3,arr[last],0
PYTH1991230204,PYTHDATA023730,PYTHDATASETTHI,PYDASETTHIRD04,PYDASETTHI01O4,arr[-1],1
PYTH1991230204,PYTHDATA023730,PYTHDATASETTHI,PYDASETTHIRD05,PYDASETTHI01O1,l1[] = l2[],0
PYTH1991230204,PYTHDATA023730,PYTHDATASETTHI,PYDASETTHIRD05,PYDASETTHI01O2,l1[] = l2,0
PYTH1991230204,PYTHDATA023730,PYTHDATASETTHI,PYDASETTHIRD05,PYDASETTHI01O3,l1[] = l2[:],1
PYTH1991230204,PYTHDATA023730,PYTHDATASETTHI,PYDASETTHIRD05,PYDASETTHI01O4,l1 = l2,0
PYTH1991230204,PYTHDATA023730,PYTHDATASETTHI,PYDASETTHIRD06,PYDASETTHI01O1,arr[4] = 'Hello',0
PYTH1991230204,PYTHDATA023730,PYTHDATASETTHI,PYDASETTHIRD06,PYDASETTHI01O2,arr(4) = 'Hello',0
PYTH1991230204,PYTHDATA023730,PYTHDATASETTHI,PYDASETTHIRD06,PYDASETTHI01O3,arr[5] = 'Hello',0
PYTH1991230204,PYTHDATA023730,PYTHDATASETTHI,PYDASETTHIRD06,PYDASETTHI01O4,Elements of tuple cannot be changed,1
PYTH1991230204,PYTHOOPS023830,PYTHOOPSSETFIR,PYOOSETFIRST01,PYOOSETFIR01O1,Objects are real world entities while classes are not real.,1
PYTH1991230204,PYTHOOPS023830,PYTHOOPSSETFIR,PYOOSETFIRST01,PYOOSETFIR01O2,Classes are real world entities while objects are not real.,0
PYTH1991230204,PYTHOOPS023830,PYTHOOPSSETFIR,PYOOSETFIRST01,PYOOSETFIR01O3,Both objects and classes are real world entities.,0
PYTH1991230204,PYTHOOPS023830,PYTHOOPSSETFIR,PYOOSETFIRST01,PYOOSETFIR01O4,Both object and classes are not real,0
PYTH1991230204,PYTHOOPS023830,PYTHOOPSSETFIR,PYOOSETFIRST02,PYOOSETFIR01O1,attribute,0
PYTH1991230204,PYTHOOPS023830,PYTHOOPSSETFIR,PYOOSETFIRST02,PYOOSETFIR01O2,object,0
PYTH1991230204,PYTHOOPS023830,PYTHOOPSSETFIR,PYOOSETFIRST02,PYOOSETFIR01O3,argument,0
PYTH1991230204,PYTHOOPS023830,PYTHOOPSSETFIR,PYOOSETFIRST02,PYOOSETFIR01O4,function,1
PYTH1991230204,PYTHOOPS023830,PYTHOOPSSETFIR,PYOOSETFIRST03,PYOOSETFIR01O1,Objects are real world entities while classes are not real.,1
PYTH1991230204,PYTHOOPS023830,PYTHOOPSSETFIR,PYOOSETFIRST03,PYOOSETFIR01O2,Classes are real world entities while objects are not real.,0
PYTH1991230204,PYTHOOPS023830,PYTHOOPSSETFIR,PYOOSETFIRST03,PYOOSETFIR01O3,Both objects and classes are real world entities.,0
PYTH1991230204,PYTHOOPS023830,PYTHOOPSSETFIR,PYOOSETFIRST03,PYOOSETFIR01O4,Both object and classes are not real.,0
PYTH1991230204,PYTHOOPS023830,PYTHOOPSSETFIR,PYOOSETFIRST04,PYOOSETFIR01O1,A class,0
PYTH1991230204,PYTHOOPS023830,PYTHOOPSSETFIR,PYOOSETFIRST04,PYOOSETFIR01O2,An object,1
PYTH1991230204,PYTHOOPS023830,PYTHOOPSSETFIR,PYOOSETFIRST04,PYOOSETFIR01O3,A method,0
PYTH1991230204,PYTHOOPS023830,PYTHOOPSSETFIR,PYOOSETFIRST04,PYOOSETFIR01O4,An operator,0
PYTH1991230204,PYTHOOPS023830,PYTHOOPSSETFIR,PYOOSETFIRST05,PYOOSETFIR01O1,class,0
PYTH1991230204,PYTHOOPS023830,PYTHOOPSSETFIR,PYOOSETFIRST05,PYOOSETFIR01O2,constructor,1
PYTH1991230204,PYTHOOPS023830,PYTHOOPSSETFIR,PYOOSETFIRST05,PYOOSETFIR01O3,In-built functions,0
PYTH1991230204,PYTHOOPS023830,PYTHOOPSSETFIR,PYOOSETFIRST05,PYOOSETFIR01O4,user-defined functions,0
PYTH1991230204,PYTHOOPS023830,PYTHOOPSSETFIR,PYOOSETFIRST06,PYOOSETFIR01O1,To set an attribute,1
PYTH1991230204,PYTHOOPS023830,PYTHOOPSSETFIR,PYOOSETFIRST06,PYOOSETFIR01O2,To delete an attribute,0
PYTH1991230204,PYTHOOPS023830,PYTHOOPSSETFIR,PYOOSETFIRST06,PYOOSETFIR01O3,To check if an attribute exists or not,0
PYTH1991230204,PYTHOOPS023830,PYTHOOPSSETFIR,PYOOSETFIRST06,PYOOSETFIR01O4,To access the attribute of the object,0
PYTH1991230204,PYTHOOPS023830,PYTHOOPSSETSEC,PYOOSETSECON01,PYOOSETSEC01O1,To set an attribute,0
PYTH1991230204,PYTHOOPS023830,PYTHOOPSSETSEC,PYOOSETSECON01,PYOOSETSEC01O2,To delete an attribute,0
PYTH1991230204,PYTHOOPS023830,PYTHOOPSSETSEC,PYOOSETSECON01,PYOOSETSEC01O3,To check if an attribute exists or not,0
PYTH1991230204,PYTHOOPS023830,PYTHOOPSSETSEC,PYOOSETSECON01,PYOOSETSEC01O4,To access the attribute of the object,1
PYTH1991230204,PYTHOOPS023830,PYTHOOPSSETSEC,PYOOSETSECON02,PYOOSETSEC01O1,Creating an instance of class,1
PYTH1991230204,PYTHOOPS023830,PYTHOOPSSETSEC,PYOOSETSECON02,PYOOSETSEC01O2,Copying an instance of class,0
PYTH1991230204,PYTHOOPS023830,PYTHOOPSSETSEC,PYOOSETSECON02,PYOOSETSEC01O3,Deleting an instance of class,0
PYTH1991230204,PYTHOOPS023830,PYTHOOPSSETSEC,PYOOSETSECON02,PYOOSETSEC01O4,Modifying an instance of class,0
PYTH1991230204,PYTHOOPS023830,PYTHOOPSSETSEC,PYOOSETSECON03,PYOOSETSEC01O1,16,0
PYTH1991230204,PYTHOOPS023830,PYTHOOPSSETSEC,PYOOSETSECON03,PYOOSETSEC01O2,32,0
PYTH1991230204,PYTHOOPS023830,PYTHOOPSSETSEC,PYOOSETSECON03,PYOOSETSEC01O3,64,0
PYTH1991230204,PYTHOOPS023830,PYTHOOPSSETSEC,PYOOSETSECON03,PYOOSETSEC01O4,None of these above,1
PYTH1991230204,PYTHOOPS023830,PYTHOOPSSETSEC,PYOOSETSECON04,PYOOSETSEC01O1,Zim Den,0
PYTH1991230204,PYTHOOPS023830,PYTHOOPSSETSEC,PYOOSETSECON04,PYOOSETSEC01O2,Guido van Rossum,1
PYTH1991230204,PYTHOOPS023830,PYTHOOPSSETSEC,PYOOSETSECON04,PYOOSETSEC01O3,Niene Stom,0
PYTH1991230204,PYTHOOPS023830,PYTHOOPSSETSEC,PYOOSETSECON04,PYOOSETSEC01O4,Wick van Rossum,0
PYTH1991230204,PYTHOOPS023830,PYTHOOPSSETSEC,PYOOSETSECON05,PYOOSETSEC01O1,1995,0
PYTH1991230204,PYTHOOPS023830,PYTHOOPSSETSEC,PYOOSETSECON05,PYOOSETSEC01O2,1972,0
PYTH1991230204,PYTHOOPS023830,PYTHOOPSSETSEC,PYOOSETSECON05,PYOOSETSEC01O3,1981,0
PYTH1991230204,PYTHOOPS023830,PYTHOOPSSETSEC,PYOOSETSECON05,PYOOSETSEC01O4,1989,1
PYTH1991230204,PYTHOOPS023830,PYTHOOPSSETSEC,PYOOSETSECON06,PYOOSETSEC01O1,English,0
PYTH1991230204,PYTHOOPS023830,PYTHOOPSSETSEC,PYOOSETSECON06,PYOOSETSEC01O2,PHP,0
PYTH1991230204,PYTHOOPS023830,PYTHOOPSSETSEC,PYOOSETSECON06,PYOOSETSEC01O3,C,1
PYTH1991230204,PYTHOOPS023830,PYTHOOPSSETSEC,PYOOSETSECON06,PYOOSETSEC01O4,All of the above,0
PYTH1991230204,PYTHOOPS023830,PYTHOOPSSETTHI,PYOOSETTHIRD01,PYOOSETTHI01O1,.py,1
PYTH1991230204,PYTHOOPS023830,PYTHOOPSSETTHI,PYOOSETTHIRD01,PYOOSETTHI01O2,.python,0
PYTH1991230204,PYTHOOPS023830,PYTHOOPSSETTHI,PYOOSETTHIRD01,PYOOSETTHI01O3,.p,0
PYTH1991230204,PYTHOOPS023830,PYTHOOPSSETTHI,PYOOSETTHIRD01,PYOOSETTHI01O4,None of these,0
PYTH1991230204,PYTHOOPS023830,PYTHOOPSSETTHI,PYOOSETTHIRD02,PYOOSETTHI01O1,2008,1
PYTH1991230204,PYTHOOPS023830,PYTHOOPSSETTHI,PYOOSETTHIRD02,PYOOSETTHI01O2,2000,0
PYTH1991230204,PYTHOOPS023830,PYTHOOPSSETTHI,PYOOSETTHIRD02,PYOOSETTHI01O3,2010,0
PYTH1991230204,PYTHOOPS023830,PYTHOOPSSETTHI,PYOOSETTHIRD02,PYOOSETTHI01O4,2005,0
PYTH1991230204,PYTHOOPS023830,PYTHOOPSSETTHI,PYOOSETTHIRD03,PYOOSETTHI01O1,Key,0
PYTH1991230204,PYTHOOPS023830,PYTHOOPSSETTHI,PYOOSETTHIRD03,PYOOSETTHI01O2,Brackets,0
PYTH1991230204,PYTHOOPS023830,PYTHOOPSSETTHI,PYOOSETTHIRD03,PYOOSETTHI01O3,Indentation,1
PYTH1991230204,PYTHOOPS023830,PYTHOOPSSETTHI,PYOOSETTHIRD03,PYOOSETTHI01O4,None of these,0
PYTH1991230204,PYTHOOPS023830,PYTHOOPSSETTHI,PYOOSETTHIRD04,PYOOSETTHI01O1,/,0
PYTH1991230204,PYTHOOPS023830,PYTHOOPSSETTHI,PYOOSETTHIRD04,PYOOSETTHI01O2,//,0
PYTH1991230204,PYTHOOPS023830,PYTHOOPSSETTHI,PYOOSETTHIRD04,PYOOSETTHI01O3,#,1
PYTH1991230204,PYTHOOPS023830,PYTHOOPSSETTHI,PYOOSETTHIRD04,PYOOSETTHI01O4,!,0
PYTH1991230204,PYTHOOPS023830,PYTHOOPSSETTHI,PYOOSETTHIRD05,PYOOSETTHI01O1,Classes are real-world entities while objects are not real,0
PYTH1991230204,PYTHOOPS023830,PYTHOOPSSETTHI,PYOOSETTHIRD05,PYOOSETTHI01O2,Objects are real-world entities while classes are not real,1
PYTH1991230204,PYTHOOPS023830,PYTHOOPSSETTHI,PYOOSETTHIRD05,PYOOSETTHI01O3,Both objects and classes are real-world entities,0
PYTH1991230204,PYTHOOPS023830,PYTHOOPSSETTHI,PYOOSETTHIRD05,PYOOSETTHI01O4,All of the above,0
PYTH1991230204,PYTHOOPS023830,PYTHOOPSSETTHI,PYOOSETTHIRD06,PYOOSETTHI01O1,Object,0
PYTH1991230204,PYTHOOPS023830,PYTHOOPSSETTHI,PYOOSETTHIRD06,PYOOSETTHI01O2,Function,1
PYTH1991230204,PYTHOOPS023830,PYTHOOPSSETTHI,PYOOSETTHIRD06,PYOOSETTHI01O3,Attribute,0
PYTH1991230204,PYTHOOPS023830,PYTHOOPSSETTHI,PYOOSETTHIRD06,PYOOSETTHI01O4,Argument,0
PYTH1991230204,PYTHCONT023830,PYTHCONTSETFIR,PYCOSETFIRST01,PYCOSETFIR01O1,flow of control.,1
PYTH1991230204,PYTHCONT023830,PYTHCONTSETFIR,PYCOSETFIRST01,PYCOSETFIR01O2,central flow.,0
PYTH1991230204,PYTHCONT023830,PYTHCONTSETFIR,PYCOSETFIRST01,PYCOSETFIR01O3,selection,0
PYTH1991230204,PYTHCONT023830,PYTHCONTSETFIR,PYCOSETFIRST01,PYCOSETFIR01O4,iteration.,0
PYTH1991230204,PYTHCONT023830,PYTHCONTSETFIR,PYCOSETFIRST02,PYCOSETFIR01O1,for loop,0
PYTH1991230204,PYTHCONT023830,PYTHCONTSETFIR,PYCOSETFIRST02,PYCOSETFIR01O2,while loop,0
PYTH1991230204,PYTHCONT023830,PYTHCONTSETFIR,PYCOSETFIRST02,PYCOSETFIR01O3,do-while loop,1
PYTH1991230204,PYTHCONT023830,PYTHCONTSETFIR,PYCOSETFIRST02,PYCOSETFIR01O4,None of the above,0
PYTH1991230204,PYTHCONT023830,PYTHCONTSETFIR,PYCOSETFIRST03,PYCOSETFIR01O1,if a>=2,1
PYTH1991230204,PYTHCONT023830,PYTHCONTSETFIR,PYCOSETFIRST03,PYCOSETFIR01O2,if (a >= 2),0
PYTH1991230204,PYTHCONT023830,PYTHCONTSETFIR,PYCOSETFIRST03,PYCOSETFIR01O3,if (a => 22),0
PYTH1991230204,PYTHCONT023830,PYTHCONTSETFIR,PYCOSETFIRST03,PYCOSETFIR01O4,if a >= 22,0
PYTH1991230204,PYTHCONT023830,PYTHCONTSETFIR,PYCOSETFIRST04,PYCOSETFIR01O1,if statement,0
PYTH1991230204,PYTHCONT023830,PYTHCONTSETFIR,PYCOSETFIRST04,PYCOSETFIR01O2,if-elif statement,0
PYTH1991230204,PYTHCONT023830,PYTHCONTSETFIR,PYCOSETFIRST04,PYCOSETFIR01O3,for statement,1
PYTH1991230204,PYTHCONT023830,PYTHCONTSETFIR,PYCOSETFIRST04,PYCOSETFIR01O4,if -else statement,0
PYTH1991230204,PYTHCONT023830,PYTHCONTSETFIR,PYCOSETFIRST05,PYCOSETFIR01O1,Break will execute a loop while a condition is true,0
PYTH1991230204,PYTHCONT023830,PYTHCONTSETFIR,PYCOSETFIRST05,PYCOSETFIR01O2,The if/else statement conditionally evaluates two statements,1
PYTH1991230204,PYTHCONT023830,PYTHCONTSETFIR,PYCOSETFIRST05,PYCOSETFIR01O3,Blocks are evaluated until a new line is entered after the closing brace,0
PYTH1991230204,PYTHCONT023830,PYTHCONTSETFIR,PYCOSETFIRST05,PYCOSETFIR01O4,Single statements are evaluated when a new line is typed at the start of the syntactically complete statement,0
PYTH1991230204,PYTHCONT023830,PYTHCONTSETFIR,PYCOSETFIRST06,PYCOSETFIR01O1,while ( statement1 ) statement2,1
PYTH1991230204,PYTHCONT023830,PYTHCONTSETFIR,PYCOSETFIRST06,PYCOSETFIR01O2,while ( statement1 ) do statement2,0
PYTH1991230204,PYTHCONT023830,PYTHCONTSETFIR,PYCOSETFIRST06,PYCOSETFIR01O3,while ( statement1 ) else statement2,0
PYTH1991230204,PYTHCONT023830,PYTHCONTSETFIR,PYCOSETFIRST06,PYCOSETFIR01O4,while ( statement2 ) doelse statement2,0
PYTH1991230204,PYTHCONT023830,PYTHCONTSETSEC,PYCOSETSECON01,PYCOSETSEC01O1,if and else tests a condition and acting on it,0
PYTH1991230204,PYTHCONT023830,PYTHCONTSETSEC,PYCOSETSECON01,PYCOSETSEC01O2,break is used to break the execution of a loop,0
PYTH1991230204,PYTHCONT023830,PYTHCONTSETSEC,PYCOSETSECON01,PYCOSETSEC01O3,for will execute a loop a fixed number of times,0
PYTH1991230204,PYTHCONT023830,PYTHCONTSETSEC,PYCOSETSECON01,PYCOSETSEC01O4,break will execute a loop while a condition is true,1
PYTH1991230204,PYTHCONT023830,PYTHCONTSETSEC,PYCOSETSECON02,PYCOSETSEC01O1,next,0
PYTH1991230204,PYTHCONT023830,PYTHCONTSETSEC,PYCOSETSECON02,PYCOSETSEC01O2,skip,0
PYTH1991230204,PYTHCONT023830,PYTHCONTSETSEC,PYCOSETSECON02,PYCOSETSEC01O3,break,1
PYTH1991230204,PYTHCONT023830,PYTHCONTSETSEC,PYCOSETSECON02,PYCOSETSEC01O4,delete,0
PYTH1991230204,PYTHCONT023830,PYTHCONTSETSEC,PYCOSETSECON03,PYCOSETSEC01O1,defines program-specific data structures,0
PYTH1991230204,PYTHCONT023830,PYTHCONTSETSEC,PYCOSETSECON03,PYCOSETSEC01O2,manages the input and output of control characters,0
PYTH1991230204,PYTHCONT023830,PYTHCONTSETSEC,PYCOSETSECON03,PYCOSETSEC01O3,directs the order of execution of the statements in the program.,1
PYTH1991230204,PYTHCONT023830,PYTHCONTSETSEC,PYCOSETSECON03,PYCOSETSEC01O4,dictates what happens before the program starts and after it terminates.,0
PYTH1991230204,PYTHCONT023830,PYTHCONTSETSEC,PYCOSETSECON04,PYCOSETSEC01O1,go,0
PYTH1991230204,PYTHCONT023830,PYTHCONTSETSEC,PYCOSETSECON04,PYCOSETSEC01O2,pass,1
PYTH1991230204,PYTHCONT023830,PYTHCONTSETSEC,PYCOSETSECON04,PYCOSETSEC01O3,over,0
PYTH1991230204,PYTHCONT023830,PYTHCONTSETSEC,PYCOSETSECON04,PYCOSETSEC01O4,;,0
PYTH1991230204,PYTHCONT023830,PYTHCONTSETSEC,PYCOSETSECON05,PYCOSETSEC01O1,flow,0
PYTH1991230204,PYTHCONT023830,PYTHCONTSETSEC,PYCOSETSECON05,PYCOSETSEC01O2,selection,0
PYTH1991230204,PYTHCONT023830,PYTHCONTSETSEC,PYCOSETSECON05,PYCOSETSEC01O3,repetition,0
PYTH1991230204,PYTHCONT023830,PYTHCONTSETSEC,PYCOSETSECON05,PYCOSETSEC01O4,sequence,1
PYTH1991230204,PYTHCONT023830,PYTHCONTSETSEC,PYCOSETSECON06,PYCOSETSEC01O1,for,0
PYTH1991230204,PYTHCONT023830,PYTHCONTSETSEC,PYCOSETSECON06,PYCOSETSEC01O2,while,0
PYTH1991230204,PYTHCONT023830,PYTHCONTSETSEC,PYCOSETSECON06,PYCOSETSEC01O3,do while,1
PYTH1991230204,PYTHCONT023830,PYTHCONTSETSEC,PYCOSETSECON06,PYCOSETSEC01O4,All of the above,0
PYTH1991230204,PYTHCONT023830,PYTHCONTSETTHI,PYCOSETTHIRD01,PYCOSETTHI01O1,Index.,0
PYTH1991230204,PYTHCONT023830,PYTHCONTSETTHI,PYCOSETTHIRD01,PYCOSETTHI01O2,Hopping.,0
PYTH1991230204,PYTHCONT023830,PYTHCONTSETTHI,PYCOSETTHIRD01,PYCOSETTHI01O3,Initial point.,0
PYTH1991230204,PYTHCONT023830,PYTHCONTSETTHI,PYCOSETTHIRD01,PYCOSETTHI01O4,Terminating Condition.,1
PYTH1991230204,PYTHCONT023830,PYTHCONTSETTHI,PYCOSETTHIRD02,PYCOSETTHI01O1,Assignment,0
PYTH1991230204,PYTHCONT023830,PYTHCONTSETTHI,PYCOSETTHIRD02,PYCOSETTHI01O2,Membership,0
PYTH1991230204,PYTHCONT023830,PYTHCONTSETTHI,PYCOSETTHIRD02,PYCOSETTHI01O3,Logical,0
PYTH1991230204,PYTHCONT023830,PYTHCONTSETTHI,PYCOSETTHIRD02,PYCOSETTHI01O4,Both B and C,1
PYTH1991230204,PYTHCONT023830,PYTHCONTSETTHI,PYCOSETTHIRD03,PYCOSETTHI01O1,Loops are used to perform certain tasks repeatedly.,0
PYTH1991230204,PYTHCONT023830,PYTHCONTSETTHI,PYCOSETTHIRD03,PYCOSETTHI01O2,for loop can be used to iterate through the elements of lists.,0
PYTH1991230204,PYTHCONT023830,PYTHCONTSETTHI,PYCOSETTHIRD03,PYCOSETTHI01O3,While loop is used when multiple statements are to executed repeatedly until the given condition becomes True.,0
PYTH1991230204,PYTHCONT023830,PYTHCONTSETTHI,PYCOSETTHIRD03,PYCOSETTHI01O4,While loop is used when multiple statements are to executed repeatedly until the given condition becomes False,1
PYTH1991230204,PYTHCONT023830,PYTHCONTSETTHI,PYCOSETTHIRD04,PYCOSETTHI01O1,"Loops should be ended with keyword ""end"".",0
PYTH1991230204,PYTHCONT023830,PYTHCONTSETTHI,PYCOSETTHIRD04,PYCOSETTHI01O2,No loop can be used to iterate through the elements of strings.,0
PYTH1991230204,PYTHCONT023830,PYTHCONTSETTHI,PYCOSETTHIRD04,PYCOSETTHI01O3,"Keyword ""break"" can be used to bring control out of the current loop.",1
PYTH1991230204,PYTHCONT023830,PYTHCONTSETTHI,PYCOSETTHIRD04,PYCOSETTHI01O4,"Keyword ""continue"" is used to continue with the remaining statements inside the loop.",0
PYTH1991230204,PYTHCONT023830,PYTHCONTSETTHI,PYCOSETTHIRD05,PYCOSETTHI01O1,for i in range(5),0
PYTH1991230204,PYTHCONT023830,PYTHCONTSETTHI,PYCOSETTHIRD05,PYCOSETTHI01O2,"for i in range(0,5)",0
PYTH1991230204,PYTHCONT023830,PYTHCONTSETTHI,PYCOSETTHIRD05,PYCOSETTHI01O3,for(i=0; i < n; i++),0
PYTH1991230204,PYTHCONT023830,PYTHCONTSETTHI,PYCOSETTHIRD05,PYCOSETTHI01O4,"for i in range(0,5):",1
PYTH1991230204,PYTHCONT023830,PYTHCONTSETTHI,PYCOSETTHIRD06,PYCOSETTHI01O1,5 3 1,1
PYTH1991230204,PYTHCONT023830,PYTHCONTSETTHI,PYCOSETTHIRD06,PYCOSETTHI01O2,5 4 3 2 1 0,0
PYTH1991230204,PYTHCONT023830,PYTHCONTSETTHI,PYCOSETTHIRD06,PYCOSETTHI01O3,5 4 3 2 1 0 -1,0
PYTH1991230204,PYTHCONT023830,PYTHCONTSETTHI,PYCOSETTHIRD06,PYCOSETTHI01O4,None of the above,0
